{
  "src": [
    "build/audio.ogg",
    "build/audio.m4a",
    "build/audio.mp3",
    "build/audio.ac3"
  ],
  "sprite": {
    "Bang": [
      0,
      320.7482993197279
    ],
    "Empty": [
      2000,
      95.14739229024948
    ],
    "Reload": [
      4000,
      1112.6530612244903
    ]
  }
}